{"assets/animation/card_animation.json":["assets/animation/card_animation.json"],"assets/animation/star_animation.json":["assets/animation/star_animation.json"],"assets/data/cards.json":["assets/data/cards.json"],"assets/fonts/.DS_Store":["assets/fonts/.DS_Store"],"assets/fonts/TTSerif.ttf":["assets/fonts/TTSerif.ttf"],"assets/fonts/TTVar.ttf":["assets/fonts/TTVar.ttf"],"assets/fonts/pingfang.ttf":["assets/fonts/pingfang.ttf"],"assets/images/.DS_Store":["assets/images/.DS_Store"],"assets/images/arrow_right_white.svg":["assets/images/arrow_right_white.svg"],"assets/images/arrow_right_white_small.svg":["assets/images/arrow_right_white_small.svg"],"assets/images/arrow_small.svg":["assets/images/arrow_small.svg"],"assets/images/bg.png":["assets/images/bg.png"],"assets/images/bg/.DS_Store":["assets/images/bg/.DS_Store"],"assets/images/bg/bg_01.jpg":["assets/images/bg/bg_01.jpg"],"assets/images/bg/bg_02.jpg":["assets/images/bg/bg_02.jpg"],"assets/images/bg/bg_03.jpg":["assets/images/bg/bg_03.jpg"],"assets/images/bg/bg_04.jpg":["assets/images/bg/bg_04.jpg"],"assets/images/bg/bg_05.jpg":["assets/images/bg/bg_05.jpg"],"assets/images/bg/bg_06.jpg":["assets/images/bg/bg_06.jpg"],"assets/images/bg/bg_07.jpg":["assets/images/bg/bg_07.jpg"],"assets/images/bg/bg_08.jpg":["assets/images/bg/bg_08.jpg"],"assets/images/bg/bg_09.jpg":["assets/images/bg/bg_09.jpg"],"assets/images/bg/bg_11.jpg":["assets/images/bg/bg_11.jpg"],"assets/images/bg/three_card_bg.png":["assets/images/bg/three_card_bg.png"],"assets/images/bg_decoration.svg":["assets/images/bg_decoration.svg"],"assets/images/bg_secondary.png":["assets/images/bg_secondary.png"],"assets/images/bottom_button.svg":["assets/images/bottom_button.svg"],"assets/images/bottom_right_button.svg":["assets/images/bottom_right_button.svg"],"assets/images/card_normal.png":["assets/images/card_normal.png"],"assets/images/card_pick_bg.png":["assets/images/card_pick_bg.png"],"assets/images/card_pick_button.svg":["assets/images/card_pick_button.svg"],"assets/images/card_shadow.png":["assets/images/card_shadow.png"],"assets/images/delete_icon.svg":["assets/images/delete_icon.svg"],"assets/images/dialog_bg_2.png":["assets/images/dialog_bg_2.png"],"assets/images/diary_bg.png":["assets/images/diary_bg.png"],"assets/images/heart.svg":["assets/images/heart.svg"],"assets/images/heart_fullfill.svg":["assets/images/heart_fullfill.svg"],"assets/images/heart_with_bg.svg":["assets/images/heart_with_bg.svg"],"assets/images/home_bottom_view_bg.png":["assets/images/home_bottom_view_bg.png"],"assets/images/home_bottom_view_start_button.svg":["assets/images/home_bottom_view_start_button.svg"],"assets/images/home_diary.png":["assets/images/home_diary.png"],"assets/images/home_one_pick_card.png":["assets/images/home_one_pick_card.png"],"assets/images/home_pick_card_banner.png":["assets/images/home_pick_card_banner.png"],"assets/images/home_three_pick_card.png":["assets/images/home_three_pick_card.png"],"assets/images/onboarding/.DS_Store":["assets/images/onboarding/.DS_Store"],"assets/images/onboarding/button_next.svg":["assets/images/onboarding/button_next.svg"],"assets/images/onboarding/onboarding_1.jpg":["assets/images/onboarding/onboarding_1.jpg"],"assets/images/onboarding/onboarding_2.jpg":["assets/images/onboarding/onboarding_2.jpg"],"assets/images/onboarding/onboarding_3.jpg":["assets/images/onboarding/onboarding_3.jpg"],"assets/images/profile_history_banner.png":["assets/images/profile_history_banner.png"],"assets/images/profile_icon.png":["assets/images/profile_icon.png"],"assets/images/profile_one_pick_banner.png":["assets/images/profile_one_pick_banner.png"],"assets/images/rate_bg.png":["assets/images/rate_bg.png"],"assets/images/tarots/.DS_Store":["assets/images/tarots/.DS_Store"],"assets/images/tarots/01_magician.jpeg":["assets/images/tarots/01_magician.jpeg"],"assets/images/tarots/02_highpriestess.jpeg":["assets/images/tarots/02_highpriestess.jpeg"],"assets/images/tarots/03_empress.jpeg":["assets/images/tarots/03_empress.jpeg"],"assets/images/tarots/04_emperor.jpeg":["assets/images/tarots/04_emperor.jpeg"],"assets/images/tarots/05_hierophant.jpeg":["assets/images/tarots/05_hierophant.jpeg"],"assets/images/tarots/06_lover.jpeg":["assets/images/tarots/06_lover.jpeg"],"assets/images/tarots/07_chariot.jpeg":["assets/images/tarots/07_chariot.jpeg"],"assets/images/tarots/08_strength.jpeg":["assets/images/tarots/08_strength.jpeg"],"assets/images/tarots/09_hermit.jpeg":["assets/images/tarots/09_hermit.jpeg"],"assets/images/tarots/0_fool.jpeg":["assets/images/tarots/0_fool.jpeg"],"assets/images/tarots/10_fortune.jpeg":["assets/images/tarots/10_fortune.jpeg"],"assets/images/tarots/11_justice.jpeg":["assets/images/tarots/11_justice.jpeg"],"assets/images/tarots/12_hangedman.jpeg":["assets/images/tarots/12_hangedman.jpeg"],"assets/images/tarots/13_death.jpeg":["assets/images/tarots/13_death.jpeg"],"assets/images/tarots/14_temperance.jpeg":["assets/images/tarots/14_temperance.jpeg"],"assets/images/tarots/15_devil.jpeg":["assets/images/tarots/15_devil.jpeg"],"assets/images/tarots/16_tower.jpeg":["assets/images/tarots/16_tower.jpeg"],"assets/images/tarots/17_star.jpeg":["assets/images/tarots/17_star.jpeg"],"assets/images/tarots/18_moon.jpeg":["assets/images/tarots/18_moon.jpeg"],"assets/images/tarots/19_sun.jpeg":["assets/images/tarots/19_sun.jpeg"],"assets/images/tarots/20_judgement.jpeg":["assets/images/tarots/20_judgement.jpeg"],"assets/images/tarots/21_world.jpeg":["assets/images/tarots/21_world.jpeg"],"assets/images/tarots/cups01.jpeg":["assets/images/tarots/cups01.jpeg"],"assets/images/tarots/cups02.jpeg":["assets/images/tarots/cups02.jpeg"],"assets/images/tarots/cups03.jpeg":["assets/images/tarots/cups03.jpeg"],"assets/images/tarots/cups04.jpeg":["assets/images/tarots/cups04.jpeg"],"assets/images/tarots/cups05.jpeg":["assets/images/tarots/cups05.jpeg"],"assets/images/tarots/cups06.jpeg":["assets/images/tarots/cups06.jpeg"],"assets/images/tarots/cups07.jpeg":["assets/images/tarots/cups07.jpeg"],"assets/images/tarots/cups08.jpeg":["assets/images/tarots/cups08.jpeg"],"assets/images/tarots/cups09.jpeg":["assets/images/tarots/cups09.jpeg"],"assets/images/tarots/cups10.jpeg":["assets/images/tarots/cups10.jpeg"],"assets/images/tarots/cupsKing.jpeg":["assets/images/tarots/cupsKing.jpeg"],"assets/images/tarots/cupsKn.jpeg":["assets/images/tarots/cupsKn.jpeg"],"assets/images/tarots/cupsQueen.jpeg":["assets/images/tarots/cupsQueen.jpeg"],"assets/images/tarots/cupsSq.jpeg":["assets/images/tarots/cupsSq.jpeg"],"assets/images/tarots/star01.jpeg":["assets/images/tarots/star01.jpeg"],"assets/images/tarots/star02.jpeg":["assets/images/tarots/star02.jpeg"],"assets/images/tarots/star03.jpeg":["assets/images/tarots/star03.jpeg"],"assets/images/tarots/star04.jpeg":["assets/images/tarots/star04.jpeg"],"assets/images/tarots/star05.jpeg":["assets/images/tarots/star05.jpeg"],"assets/images/tarots/star06.jpeg":["assets/images/tarots/star06.jpeg"],"assets/images/tarots/star07.jpeg":["assets/images/tarots/star07.jpeg"],"assets/images/tarots/star08.jpeg":["assets/images/tarots/star08.jpeg"],"assets/images/tarots/star09.jpeg":["assets/images/tarots/star09.jpeg"],"assets/images/tarots/star10.jpeg":["assets/images/tarots/star10.jpeg"],"assets/images/tarots/starKing.jpeg":["assets/images/tarots/starKing.jpeg"],"assets/images/tarots/starKn.jpeg":["assets/images/tarots/starKn.jpeg"],"assets/images/tarots/starQueen.jpeg":["assets/images/tarots/starQueen.jpeg"],"assets/images/tarots/starSq.jpeg":["assets/images/tarots/starSq.jpeg"],"assets/images/tarots/swords01.jpeg":["assets/images/tarots/swords01.jpeg"],"assets/images/tarots/swords02.jpeg":["assets/images/tarots/swords02.jpeg"],"assets/images/tarots/swords03.jpeg":["assets/images/tarots/swords03.jpeg"],"assets/images/tarots/swords04.jpeg":["assets/images/tarots/swords04.jpeg"],"assets/images/tarots/swords05.jpeg":["assets/images/tarots/swords05.jpeg"],"assets/images/tarots/swords06.jpeg":["assets/images/tarots/swords06.jpeg"],"assets/images/tarots/swords07.jpeg":["assets/images/tarots/swords07.jpeg"],"assets/images/tarots/swords08.jpeg":["assets/images/tarots/swords08.jpeg"],"assets/images/tarots/swords09.jpeg":["assets/images/tarots/swords09.jpeg"],"assets/images/tarots/swords10.jpeg":["assets/images/tarots/swords10.jpeg"],"assets/images/tarots/swordsKing.jpeg":["assets/images/tarots/swordsKing.jpeg"],"assets/images/tarots/swordsKn.jpeg":["assets/images/tarots/swordsKn.jpeg"],"assets/images/tarots/swordsQueen.jpeg":["assets/images/tarots/swordsQueen.jpeg"],"assets/images/tarots/swordsSq.jpeg":["assets/images/tarots/swordsSq.jpeg"],"assets/images/tarots/wands01.jpeg":["assets/images/tarots/wands01.jpeg"],"assets/images/tarots/wands02.jpeg":["assets/images/tarots/wands02.jpeg"],"assets/images/tarots/wands03.jpeg":["assets/images/tarots/wands03.jpeg"],"assets/images/tarots/wands04.jpeg":["assets/images/tarots/wands04.jpeg"],"assets/images/tarots/wands05.jpeg":["assets/images/tarots/wands05.jpeg"],"assets/images/tarots/wands06.jpeg":["assets/images/tarots/wands06.jpeg"],"assets/images/tarots/wands07.jpeg":["assets/images/tarots/wands07.jpeg"],"assets/images/tarots/wands08.jpeg":["assets/images/tarots/wands08.jpeg"],"assets/images/tarots/wands09.jpeg":["assets/images/tarots/wands09.jpeg"],"assets/images/tarots/wands10.jpeg":["assets/images/tarots/wands10.jpeg"],"assets/images/tarots/wandsKing.jpeg":["assets/images/tarots/wandsKing.jpeg"],"assets/images/tarots/wandsKn.jpeg":["assets/images/tarots/wandsKn.jpeg"],"assets/images/tarots/wandsQueen.jpeg":["assets/images/tarots/wandsQueen.jpeg"],"assets/images/tarots/wandsSq.jpeg":["assets/images/tarots/wandsSq.jpeg"],"packages/cupertino_icons/assets/CupertinoIcons.ttf":["packages/cupertino_icons/assets/CupertinoIcons.ttf"]}